seq,vx,vy,vz,avg,ate,rte
MH_02_easy,0.100303,0.157048,0.014061,0.090471,2.677067,4.804108
MH_04_difficult,0.480939,0.635034,0.049728,0.388567,3.823402,5.152649
V2_02_medium,0.395330,0.265390,0.055301,0.238674,3.067130,2.701402
V1_01_easy,0.139236,0.214325,0.015818,0.123127,6.466180,3.979089
V1_03_difficult,0.283232,0.378281,0.069792,0.243768,4.044765,3.120710
