seq,vx,vy,vz,avg,ate,rte
seq32,2.067665,2.279480,2.253043,2.200063,1351.447111,63.064298
seq11,5098.390625,2030.369995,1613.410278,2914.056885,149973.853756,3597.507034
